{"cameraMode":{"drawMode":0,"name":"Shaded","section":"Shading Mode"},"sceneLighting":false,"audioPlay":false,"sceneViewState":{"m_AlwaysRefresh":false,"showFog":true,"showSkybox":false,"showFlares":true,"showImageEffects":true,"showParticleSystems":true,"showVisualEffectGraphs":true,"m_FxEnabled":true},"in2DMode":false,"pivot":{"x":-9.732806205749512,"y":7.652749538421631,"z":2.0705111026763918},"rotation":{"x":-0.3787888288497925,"y":0.011381889693439007,"z":-0.004656380973756313,"w":-0.9254239201545715},"size":0.8660256862640381,"orthographic":false}