{"cameraMode":{"drawMode":0,"name":"Shaded","section":"Shading Mode"},"sceneLighting":true,"audioPlay":false,"sceneViewState":{"m_AlwaysRefresh":false,"showFog":true,"showSkybox":true,"showFlares":true,"showImageEffects":true,"showParticleSystems":true,"showVisualEffectGraphs":true,"m_FxEnabled":true},"in2DMode":false,"pivot":{"x":5.5933990478515629,"y":1.422036051750183,"z":-2.7933006286621095},"rotation":{"x":-0.07585440576076508,"y":-0.3977966010570526,"z":0.03299112990498543,"w":-0.9137769937515259},"size":12.522994041442871,"orthographic":false}