{"cameraMode":{"drawMode":0,"name":"Shaded","section":"Shading Mode"},"sceneLighting":true,"audioPlay":false,"sceneViewState":{"m_AlwaysRefresh":false,"showFog":true,"showSkybox":true,"showFlares":true,"showImageEffects":true,"showParticleSystems":true,"showVisualEffectGraphs":true,"m_FxEnabled":true},"in2DMode":false,"pivot":{"x":0.9772567749023438,"y":0.45658496022224429,"z":-0.9702588319778442},"rotation":{"x":0.1174868568778038,"y":-0.7476211190223694,"z":0.13744552433490754,"w":0.6390892267227173},"size":0.8660253882408142,"orthographic":false}