{"cameraMode":{"drawMode":0,"name":"Shaded","section":"Shading Mode"},"sceneLighting":false,"audioPlay":false,"sceneViewState":{"m_AlwaysRefresh":false,"showFog":true,"showSkybox":false,"showFlares":true,"showImageEffects":true,"showParticleSystems":true,"showVisualEffectGraphs":true,"m_FxEnabled":true},"in2DMode":false,"pivot":{"x":0.17045855522155763,"y":6.963529109954834,"z":-1.9697221517562867},"rotation":{"x":-0.3787888288497925,"y":0.011381889693439007,"z":-0.004656380973756313,"w":-0.9254239201545715},"size":1.2247449159622193,"orthographic":false}